Workbook

Sheet Read Me
B1: BCBA Sourcing Tracker — NC + MD — Read Me
B2: A sourcing roster built on PUBLIC professional-licensing data.
B4: 1. The Tabs
B5: • Candidates — one row per licensee. Type directly into the cells; the green "Years Licensed" column fills in automatically from the issue date.
B6: • Dashboard — live counts by state, credential, license status, outreach status, and years-licensed range. Updates as you edit Candidates.
B7: • Lists — the menu of choices behind every dropdown.
B8: • Read Me — this tab.
B10: 2. Where the Data Comes From (public sources)
B11: • BACB certificant registry — name, credential, certification #, certification date, status, city/state.
B12: • NC Behavior Analyst Licensure Board — LBA/LABA license verification.
B13: • Maryland Board of Professional Counselors & Therapists (BOPC) — behavior-analyst licensees.
B14: • LinkedIn URL and Professional Contact are filled in by you during normal sourcing — look people up one at a time and record the PUBLIC professional profile / office line / work email only.
... B26: • Rows 2–3 of Candidates are illustrative samples. Delete them before entering real data.

Sheet Candidates
A1: Name | B1: Credential | C1: State | D1: License / Cert # | E1: License / Cert Issue Date | F1: Years Licensed | G1: License Status | H1: City | I1: Public Employer / Clinic | J1: LinkedIn URL | K1: Professional Contact (public office/work only) | L1: Source Verified | M1: Outreach Status | N1: Last Contact Date | O1: Notes
A2: Sample Candidate — delete | B2: BCBA | C2: NC | D2: 1-00-0000 | E2: 43252 | F2: =IF($E2="","",DATEDIF($E2,TODAY(),"Y")) | G2: Active | H2: Raleigh | I2: Example ABA Group | L2: BACB Registry | M2: Not Contacted | O2: Illustrative row showing how to fill the sheet — delete before use.
A3: Sample Candidate — delete | B3: LBA (state license) | C3: MD | D3: LBA-0000 | E3: 44454 | F3: =IF($E3="","",DATEDIF($E3,TODAY(),"Y")) | G3: Active | H3: Baltimore | I3: Example Behavioral Health | L3: MD Board (BOPC) | M3: Not Contacted | O3: Illustrative row showing how to fill the sheet — delete before use.
F4: =IF($E4="","",DATEDIF($E4,TODAY(),"Y"))
F5: =IF($E5="","",DATEDIF($E5,TODAY(),"Y"))
F6: =IF($E6="","",DATEDIF($E6,TODAY(),"Y"))
F7: =IF($E7="","",DATEDIF($E7,TODAY(),"Y"))
F8: =IF($E8="","",DATEDIF($E8,TODAY(),"Y"))
F9: =IF($E9="","",DATEDIF($E9,TODAY(),"Y"))
F10: =IF($E10="","",DATEDIF($E10,TODAY(),"Y"))
F11: =IF($E11="","",DATEDIF($E11,TODAY(),"Y"))
F12: =IF($E12="","",DATEDIF($E12,TODAY(),"Y"))
F13: =IF($E13="","",DATEDIF($E13,TODAY(),"Y"))
F14: =IF($E14="","",DATEDIF($E14,TODAY(),"Y"))
F15: =IF($E15="","",DATEDIF($E15,TODAY(),"Y"))
... F600: =IF($E600="","",DATEDIF($E600,TODAY(),"Y"))

Sheet Dashboard
A1: BCBA Sourcing Dashboard — NC + MD
A2: Live summary — updates automatically as you edit the Candidates tab.
A4: Candidates by State | E4: Outreach Status
A5: State | B5: Count | E5: Status | F5: Count
A6: NC | B6: =COUNTIF(Candidates!$C$2:$C$600,"NC") | E6: Not Contacted | F6: =COUNTIF(Candidates!$M$2:$M$600,"Not Contacted")
A7: MD | B7: =COUNTIF(Candidates!$C$2:$C$600,"MD") | E7: Contacted | F7: =COUNTIF(Candidates!$M$2:$M$600,"Contacted")
A8: Total | B8: =SUM(B6:B7) | E8: Responded | F8: =COUNTIF(Candidates!$M$2:$M$600,"Responded")
E9: Screening | F9: =COUNTIF(Candidates!$M$2:$M$600,"Screening")
E10: In Pipeline | F10: =COUNTIF(Candidates!$M$2:$M$600,"In Pipeline")
A11: Candidates by Credential | E11: Not Interested | F11: =COUNTIF(Candidates!$M$2:$M$600,"Not Interested")
A12: Credential | B12: Count | E12: Do Not Contact | F12: =COUNTIF(Candidates!$M$2:$M$600,"Do Not Contact")
A13: BCBA-D | B13: =COUNTIF(Candidates!$B$2:$B$600,"BCBA-D")
A14: BCBA | B14: =COUNTIF(Candidates!$B$2:$B$600,"BCBA")
A15: BCaBA | B15: =COUNTIF(Candidates!$B$2:$B$600,"BCaBA") | E15: Years Licensed
A16: RBT | B16: =COUNTIF(Candidates!$B$2:$B$600,"RBT") | E16: Range | F16: Count
A17: LBA (state license) | B17: =COUNTIF(Candidates!$B$2:$B$600,"LBA (state license)") | E17: 0–2 years | F17: =COUNTIFS(Candidates!$F$2:$F$600,">=0",Candidates!$F$2:$F$600,"<=2")
A18: LABA (state assistant) | B18: =COUNTIF(Candidates!$B$2:$B$600,"LABA (state assistant)") | E18: 3–5 years | F18: =COUNTIFS(Candidates!$F$2:$F$600,">=3",Candidates!$F$2:$F$600,"<=5")
A19: Total | B19: =SUM(B13:B18) | E19: 6–10 years | F19: =COUNTIFS(Candidates!$F$2:$F$600,">=6",Candidates!$F$2:$F$600,"<=10")
E20: 11+ years | F20: =COUNTIF(Candidates!$F$2:$F$600,">=11")
A22: Candidates by License Status
A23: License Status | B23: Count
A24: Active | B24: =COUNTIF(Candidates!$G$2:$G$600,"Active")
A25: Expired | B25: =COUNTIF(Candidates!$G$2:$G$600,"Expired")
A26: Inactive | B26: =COUNTIF(Candidates!$G$2:$G$600,"Inactive")
A27: Suspended | B27: =COUNTIF(Candidates!$G$2:$G$600,"Suspended")
A28: Unknown | B28: =COUNTIF(Candidates!$G$2:$G$600,"Unknown")
A29: Total | B29: =SUM(B24:B28)

Sheet Lists
A1: Credential | B1: State | C1: License Status | D1: Source Verified | E1: Outreach Status
A2: BCBA-D | B2: NC | C2: Active | D2: BACB Registry | E2: Not Contacted
A3: BCBA | B3: MD | C3: Expired | D3: NC LBA Board | E3: Contacted
A4: BCaBA | C4: Inactive | D4: MD Board (BOPC) | E4: Responded
A5: RBT | C5: Suspended | D5: Multiple | E5: Screening
A6: LBA (state license) | C6: Unknown | E6: In Pipeline
A7: LABA (state assistant) | E7: Not Interested
E8: Do Not Contact
A10: Reference lists that drive the dropdowns on the Candidates tab. Edit values here to change the available options.
