Workbook

Sheet Read Me
B1: Recruiting Tracker — Read Me
B2: How the workbook is organised and how to use it day-to-day.
B4: 1. The Tabs
B5: • Tracker — one row per candidate. Type directly into the cells; the green columns on the far right fill in automatically.
B6: • Dashboard — a live summary (candidates by role, pipeline funnel with conversion rates, status, and time in pipeline). It updates by itself as you edit the Tracker.
B7: • Lists — the menu of choices behind every dropdown. Edit values here to change the available options.
B8: • Read Me — this tab.
B10: 2. Adding a Candidate
B11: • On the Tracker tab, type the candidate's name in the next empty row of column A.
B12: • Fill the categorical fields with the dropdown arrow that appears when you click the cell (Role, Source, Screened?, statuses, interviewers, etc.).
B13: • Enter dates as MM/DD/YYYY.
B14: • Leave the last three columns alone — Pipeline Stage, Active / Closed and Days in Pipeline calculate themselves.
... B22: • Each role tints its whole row a distinct colour:
C23: Paralegal
C24: Legal Assistant
C25: Attorney – Mass Arbitration
C26: Attorney – Data Breach
C27: Attorney – Privacy
C28: Partner-Level Associate Attorney
B30: • Offer Outcome cell colour: green = Accepted, red = Declined, amber = Pending.
B31: • Attention flags appear automatically when a stage is overdue:
B32: Overdue | C32: Amber — a stage is taking too long and needs a nudge.
B33: Too long | C33: Red — an offer has been pending more than 14 days.
B35: 5. When the Attention Flags Trigger
B36: • Contacted but still not screened after 10 days (amber on Screened?).
B37: • Screened but no first-round date after 7 days (amber on First Round Date).
B38: • Assessment sent but not returned after 5 days (amber on Return Date).
B39: • Offer still Pending more than 14 days (red on Offer Initiated Date).
B40: • These day thresholds are easy to change on request.
B42: 6. Filtering & Sorting
B43: • Every column header has a filter arrow — filter by Role, Pipeline Stage, Interviewer, Active / Closed, and more.
B44: • To see only open candidates, filter Active / Closed = Active.
B45: • The header row and the Name + Role columns stay frozen as you scroll.
B47: 7. Changing Dropdown Options
B48: • Open the Lists tab and edit the values under the matching heading (for example, add a new interviewer).
... B52: • Rows 2–5 of the Tracker are sample candidates included to show the colours and flags in action. Delete them before entering real data.

Sheet Tracker
A1: Candidate Name | B1: Role / Position | C1: Date Contacted | D1: Source | E1: Contact Method | F1: Screened? | G1: Screened Date | H1: First Round Interview Status | I1: First Round Interviewer | J1: First Round Interview Date | K1: Second Round Status (Partner Round) | L1: Partner Interviewer | M1: Partner Interview Date | N1: Assessment Required? | O1: Assessment Sent Date | P1: Assessment Returned? | Q1: Assessment Return Date | R1: Reference Check Status | S1: Offer Initiated? | T1: Offer Initiated Date | U1: Offer Outcome | V1: Final Status Notes | W1: Pipeline Stage | X1: Active / Closed | Y1: Days in Pipeline
A2: Jordan Reyes | B2: Paralegal | C2: 46162 | D2: Referral | E2: Referral | F2: Yes | G2: 46165 | H2: Passed | I2: Amanda | J2: 46170 | K2: Scheduled | L2: Marc Reich | N2: No | R2: Not Started | S2: No | V2: Strong paralegal; partner round scheduled. | W2: =IF($A2="","",IF($U2="Accepted","Hired",IF($S2="Yes","Offer",IF(OR($R2="In Progress",$R2="Completed"),"Reference",IF(OR($P2="Yes",$O2<>""),"Assessment",IF(OR($M2<>"",$L2<>"",$K2<>""),"Partner",IF(OR($J2<>"",$I2<>"",$H2<>""),"First Round",IF($F2="Yes","Screened","Contacted")))))))) -> Partner | X2: =IF($A2="","",IF(OR($U2="Accepted",$U2="Declined",$H2="Rejected",$K2="Rejected"),"Closed","Active")) -> Active | Y2: =IF($C2="","",TODAY()-$C2) -> 36
A3: Priya Nair | B3: Attorney – Data Breach | C3: 46127 | D3: LinkedIn (Active) | E3: LinkedIn Active | F3: Yes | G3: 46130 | N3: Yes | R3: Not Started | S3: No | V3: Screened; awaiting first-round scheduling. | W3: =IF($A3="","",IF($U3="Accepted","Hired",IF($S3="Yes","Offer",IF(OR($R3="In Progress",$R3="Completed"),"Reference",IF(OR($P3="Yes",$O3<>""),"Assessment",IF(OR($M3<>"",$L3<>"",$K3<>""),"Partner",IF(OR($J3<>"",$I3<>"",$H3<>""),"First Round",IF($F3="Yes","Screened","Contacted")))))))) -> Screened | X3: =IF($A3="","",IF(OR($U3="Accepted",$U3="Declined",$H3="Rejected",$K3="Rejected"),"Closed","Active")) -> Active | Y3: =IF($C3="","",TODAY()-$C3) -> 71
A4: Marcus Webb | B4: Partner-Level Associate Attorney | C4: 46082 | D4: Internal | E4: Email | F4: Yes | G4: 46086 | H4: Passed | I4: Tyler | J4: 46093 | K4: Completed | L4: Ed Korsinsky | M4: 46101 | N4: Yes | O4: 46103 | P4: Yes | Q4: 46109 | R4: Completed | S4: Yes | T4: 46113 | U4: Pending | V4: Offer extended; awaiting candidate response. | W4: =IF($A4="","",IF($U4="Accepted","Hired",IF($S4="Yes","Offer",IF(OR($R4="In Progress",$R4="Completed"),"Reference",IF(OR($P4="Yes",$O4<>""),"Assessment",IF(OR($M4<>"",$L4<>"",$K4<>""),"Partner",IF(OR($J4<>"",$I4<>"",$H4<>""),"First Round",IF($F4="Yes","Screened","Contacted")))))))) -> Offer | X4: =IF($A4="","",IF(OR($U4="Accepted",$U4="Declined",$H4="Rejected",$K4="Rejected"),"Closed","Active")) -> Active | Y4: =IF($C4="","",TODAY()-$C4) -> 116
A5: Sofia Klein | B5: Legal Assistant | C5: 46063 | D5: University / School | E5: Email | F5: Yes | G5: 46065 | H5: Passed | I5: Melissa | J5: 46071 | K5: Completed | L5: Marc Reich | M5: 46078 | N5: No | R5: Completed | S5: Yes | T5: 46083 | U5: Accepted | V5: Hired – start date being finalized. | W5: =IF($A5="","",IF($U5="Accepted","Hired",IF($S5="Yes","Offer",IF(OR($R5="In Progress",$R5="Completed"),"Reference",IF(OR($P5="Yes",$O5<>""),"Assessment",IF(OR($M5<>"",$L5<>"",$K5<>""),"Partner",IF(OR($J5<>"",$I5<>"",$H5<>""),"First Round",IF($F5="Yes","Screened","Contacted")))))))) -> Hired | X5: =IF($A5="","",IF(OR($U5="Accepted",$U5="Declined",$H5="Rejected",$K5="Rejected"),"Closed","Active")) -> Closed | Y5: =IF($C5="","",TODAY()-$C5) -> 135
W6: =IF($A6="","",IF($U6="Accepted","Hired",IF($S6="Yes","Offer",IF(OR($R6="In Progress",$R6="Completed"),"Reference",IF(OR($P6="Yes",$O6<>""),"Assessment",IF(OR($M6<>"",$L6<>"",$K6<>""),"Partner",IF(OR($J6<>"",$I6<>"",$H6<>""),"First Round",IF($F6="Yes","Screened","Contacted")))))))) | X6: =IF($A6="","",IF(OR($U6="Accepted",$U6="Declined",$H6="Rejected",$K6="Rejected"),"Closed","Active")) | Y6: =IF($C6="","",TODAY()-$C6)
W7: =IF($A7="","",IF($U7="Accepted","Hired",IF($S7="Yes","Offer",IF(OR($R7="In Progress",$R7="Completed"),"Reference",IF(OR($P7="Yes",$O7<>""),"Assessment",IF(OR($M7<>"",$L7<>"",$K7<>""),"Partner",IF(OR($J7<>"",$I7<>"",$H7<>""),"First Round",IF($F7="Yes","Screened","Contacted")))))))) | X7: =IF($A7="","",IF(OR($U7="Accepted",$U7="Declined",$H7="Rejected",$K7="Rejected"),"Closed","Active")) | Y7: =IF($C7="","",TODAY()-$C7)
W8: =IF($A8="","",IF($U8="Accepted","Hired",IF($S8="Yes","Offer",IF(OR($R8="In Progress",$R8="Completed"),"Reference",IF(OR($P8="Yes",$O8<>""),"Assessment",IF(OR($M8<>"",$L8<>"",$K8<>""),"Partner",IF(OR($J8<>"",$I8<>"",$H8<>""),"First Round",IF($F8="Yes","Screened","Contacted")))))))) | X8: =IF($A8="","",IF(OR($U8="Accepted",$U8="Declined",$H8="Rejected",$K8="Rejected"),"Closed","Active")) | Y8: =IF($C8="","",TODAY()-$C8)
W9: =IF($A9="","",IF($U9="Accepted","Hired",IF($S9="Yes","Offer",IF(OR($R9="In Progress",$R9="Completed"),"Reference",IF(OR($P9="Yes",$O9<>""),"Assessment",IF(OR($M9<>"",$L9<>"",$K9<>""),"Partner",IF(OR($J9<>"",$I9<>"",$H9<>""),"First Round",IF($F9="Yes","Screened","Contacted")))))))) | X9: =IF($A9="","",IF(OR($U9="Accepted",$U9="Declined",$H9="Rejected",$K9="Rejected"),"Closed","Active")) | Y9: =IF($C9="","",TODAY()-$C9)
W10: =IF($A10="","",IF($U10="Accepted","Hired",IF($S10="Yes","Offer",IF(OR($R10="In Progress",$R10="Completed"),"Reference",IF(OR($P10="Yes",$O10<>""),"Assessment",IF(OR($M10<>"",$L10<>"",$K10<>""),"Partner",IF(OR($J10<>"",$I10<>"",$H10<>""),"First Round",IF($F10="Yes","Screened","Contacted")))))))) | X10: =IF($A10="","",IF(OR($U10="Accepted",$U10="Declined",$H10="Rejected",$K10="Rejected"),"Closed","Active")) | Y10: =IF($C10="","",TODAY()-$C10)
W11: =IF($A11="","",IF($U11="Accepted","Hired",IF($S11="Yes","Offer",IF(OR($R11="In Progress",$R11="Completed"),"Reference",IF(OR($P11="Yes",$O11<>""),"Assessment",IF(OR($M11<>"",$L11<>"",$K11<>""),"Partner",IF(OR($J11<>"",$I11<>"",$H11<>""),"First Round",IF($F11="Yes","Screened","Contacted")))))))) | X11: =IF($A11="","",IF(OR($U11="Accepted",$U11="Declined",$H11="Rejected",$K11="Rejected"),"Closed","Active")) | Y11: =IF($C11="","",TODAY()-$C11)
W12: =IF($A12="","",IF($U12="Accepted","Hired",IF($S12="Yes","Offer",IF(OR($R12="In Progress",$R12="Completed"),"Reference",IF(OR($P12="Yes",$O12<>""),"Assessment",IF(OR($M12<>"",$L12<>"",$K12<>""),"Partner",IF(OR($J12<>"",$I12<>"",$H12<>""),"First Round",IF($F12="Yes","Screened","Contacted")))))))) | X12: =IF($A12="","",IF(OR($U12="Accepted",$U12="Declined",$H12="Rejected",$K12="Rejected"),"Closed","Active")) | Y12: =IF($C12="","",TODAY()-$C12)
W13: =IF($A13="","",IF($U13="Accepted","Hired",IF($S13="Yes","Offer",IF(OR($R13="In Progress",$R13="Completed"),"Reference",IF(OR($P13="Yes",$O13<>""),"Assessment",IF(OR($M13<>"",$L13<>"",$K13<>""),"Partner",IF(OR($J13<>"",$I13<>"",$H13<>""),"First Round",IF($F13="Yes","Screened","Contacted")))))))) | X13: =IF($A13="","",IF(OR($U13="Accepted",$U13="Declined",$H13="Rejected",$K13="Rejected"),"Closed","Active")) | Y13: =IF($C13="","",TODAY()-$C13)
W14: =IF($A14="","",IF($U14="Accepted","Hired",IF($S14="Yes","Offer",IF(OR($R14="In Progress",$R14="Completed"),"Reference",IF(OR($P14="Yes",$O14<>""),"Assessment",IF(OR($M14<>"",$L14<>"",$K14<>""),"Partner",IF(OR($J14<>"",$I14<>"",$H14<>""),"First Round",IF($F14="Yes","Screened","Contacted")))))))) | X14: =IF($A14="","",IF(OR($U14="Accepted",$U14="Declined",$H14="Rejected",$K14="Rejected"),"Closed","Active")) | Y14: =IF($C14="","",TODAY()-$C14)
W15: =IF($A15="","",IF($U15="Accepted","Hired",IF($S15="Yes","Offer",IF(OR($R15="In Progress",$R15="Completed"),"Reference",IF(OR($P15="Yes",$O15<>""),"Assessment",IF(OR($M15<>"",$L15<>"",$K15<>""),"Partner",IF(OR($J15<>"",$I15<>"",$H15<>""),"First Round",IF($F15="Yes","Screened","Contacted")))))))) | X15: =IF($A15="","",IF(OR($U15="Accepted",$U15="Declined",$H15="Rejected",$K15="Rejected"),"Closed","Active")) | Y15: =IF($C15="","",TODAY()-$C15)
W16: =IF($A16="","",IF($U16="Accepted","Hired",IF($S16="Yes","Offer",IF(OR($R16="In Progress",$R16="Completed"),"Reference",IF(OR($P16="Yes",$O16<>""),"Assessment",IF(OR($M16<>"",$L16<>"",$K16<>""),"Partner",IF(OR($J16<>"",$I16<>"",$H16<>""),"First Round",IF($F16="Yes","Screened","Contacted")))))))) | X16: =IF($A16="","",IF(OR($U16="Accepted",$U16="Declined",$H16="Rejected",$K16="Rejected"),"Closed","Active")) | Y16: =IF($C16="","",TODAY()-$C16)
W17: =IF($A17="","",IF($U17="Accepted","Hired",IF($S17="Yes","Offer",IF(OR($R17="In Progress",$R17="Completed"),"Reference",IF(OR($P17="Yes",$O17<>""),"Assessment",IF(OR($M17<>"",$L17<>"",$K17<>""),"Partner",IF(OR($J17<>"",$I17<>"",$H17<>""),"First Round",IF($F17="Yes","Screened","Contacted")))))))) | X17: =IF($A17="","",IF(OR($U17="Accepted",$U17="Declined",$H17="Rejected",$K17="Rejected"),"Closed","Active")) | Y17: =IF($C17="","",TODAY()-$C17)
... W500: =IF($A500="","",IF($U500="Accepted","Hired",IF($S500="Yes","Offer",IF(OR($R500="In Progress",$R500="Completed"),"Reference",IF(OR($P500="Yes",$O500<>""),"Assessment",IF(OR($M500<>"",$L500<>"",$K500<>""),"Partner",IF(OR($J500<>"",$I500<>"",$H500<>""),"First Round",IF($F500="Yes","Screened","Contacted")))))))) | X500: =IF($A500="","",IF(OR($U500="Accepted",$U500="Declined",$H500="Rejected",$K500="Rejected"),"Closed","Active")) | Y500: =IF($C500="","",TODAY()-$C500)

Sheet Dashboard
A1: Recruiting Pipeline Dashboard
A2: Live summary – updates automatically as you edit the Tracker tab.
A4: Candidates by Role | G4: Status Summary
A5: Role / Position | B5: Count | C5: % of Total | G5: Active Candidates | H5: =COUNTIF(Tracker!$X$2:$X$500,"Active") -> 3
A6: =Lists!$A$2 -> Paralegal | B6: =COUNTIF(Tracker!$B$2:$B$500,Lists!$A$2) -> 1 | C6: =IFERROR(B6/$B$12,0) -> 0.25 | G6: Closed Candidates | H6: =COUNTIF(Tracker!$X$2:$X$500,"Closed") -> 1
A7: =Lists!$A$3 -> Legal Assistant | B7: =COUNTIF(Tracker!$B$2:$B$500,Lists!$A$3) -> 1 | C7: =IFERROR(B7/$B$12,0) -> 0.25 | G7: Offers – Accepted | H7: =COUNTIF(Tracker!$U$2:$U$500,"Accepted") -> 1
A8: =Lists!$A$4 -> Attorney – Mass Arbitration | B8: =COUNTIF(Tracker!$B$2:$B$500,Lists!$A$4) -> 0 | C8: =IFERROR(B8/$B$12,0) -> 0 | G8: Offers – Declined | H8: =COUNTIF(Tracker!$U$2:$U$500,"Declined") -> 0
A9: =Lists!$A$5 -> Attorney – Data Breach | B9: =COUNTIF(Tracker!$B$2:$B$500,Lists!$A$5) -> 1 | C9: =IFERROR(B9/$B$12,0) -> 0.25 | G9: Offers – Pending | H9: =COUNTIF(Tracker!$U$2:$U$500,"Pending") -> 1
A10: =Lists!$A$6 -> Attorney – Privacy | B10: =COUNTIF(Tracker!$B$2:$B$500,Lists!$A$6) -> 0 | C10: =IFERROR(B10/$B$12,0) -> 0
A11: =Lists!$A$7 -> Partner-Level Associate Attorney | B11: =COUNTIF(Tracker!$B$2:$B$500,Lists!$A$7) -> 1 | C11: =IFERROR(B11/$B$12,0) -> 0.25
A12: Total | B12: =SUM(B6:B11) -> 4 | C12: =IFERROR(B12/B12,0) -> 1 | G12: Time in Pipeline
G13: Avg Days (Active) | H13: =IFERROR(ROUND(AVERAGEIFS(Tracker!$Y$2:$Y$500,Tracker!$X$2:$X$500,"Active"),0),0) -> 74
G14: Longest Active (Days) | H14: {=IFERROR(MAX(IF(Tracker!$X$2:$X$500="Active",Tracker!$Y$2:$Y$500)),0)} -> 116
A15: Pipeline Funnel & Conversion | G15: Total Candidates | H15: =COUNTA(Tracker!$A$2:$A$500) -> 4
A16: Stage | B16: Count | C16: % of Contacted | D16: Step Conversion | G16: "Days in Pipeline" = days since Date Contacted.
A17: Contacted | B17: =COUNTA(Tracker!$A$2:$A$500) -> 4 | C17: =IFERROR(B17/$B$17,0) -> 1 | D17: —
A18: Screened | B18: =COUNTIF(Tracker!$F$2:$F$500,"Yes") -> 4 | C18: =IFERROR(B18/$B$17,0) -> 1 | D18: =IFERROR(B18/B17,"") -> 1
A19: First Round | B19: =COUNTIF(Tracker!$H$2:$H$500,"<>") -> 3 | C19: =IFERROR(B19/$B$17,0) -> 0.75 | D19: =IFERROR(B19/B18,"") -> 0.75
A20: Partner Round | B20: =COUNTIF(Tracker!$K$2:$K$500,"<>") -> 3 | C20: =IFERROR(B20/$B$17,0) -> 0.75 | D20: =IFERROR(B20/B19,"") -> 1
A21: Assessment | B21: =COUNTIF(Tracker!$O$2:$O$500,"<>") -> 1 | C21: =IFERROR(B21/$B$17,0) -> 0.25 | D21: =IFERROR(B21/B20,"") -> 0.33333333
A22: Reference | B22: =COUNTIF(Tracker!$R$2:$R$500,"In Progress")+COUNTIF(Tracker!$R$2:$R$500,"Completed") -> 2 | C22: =IFERROR(B22/$B$17,0) -> 0.5 | D22: =IFERROR(B22/B21,"") -> 2
A23: Offer | B23: =COUNTIF(Tracker!$S$2:$S$500,"Yes") -> 2 | C23: =IFERROR(B23/$B$17,0) -> 0.5 | D23: =IFERROR(B23/B22,"") -> 1
A24: Hired (Accepted) | B24: =COUNTIF(Tracker!$U$2:$U$500,"Accepted") -> 1 | C24: =IFERROR(B24/$B$17,0) -> 0.25 | D24: =IFERROR(B24/B23,"") -> 0.5
A27: Legend – Conditional Formatting
B28: Amber = stage overdue (needs follow-up)
B29: Red = offer pending too long (>14 days)
B30: Green = offer accepted
B31: Grey = candidate closed
A33: Role colours:
B34: Paralegal
B35: Legal Assistant
B36: Attorney – Mass Arbitration
B37: Attorney – Data Breach
B38: Attorney – Privacy
B39: Partner-Level Associate Attorney

Sheet Lists
A1: Role / Position | B1: Source | C1: Contact Method | D1: Yes / No | E1: Interview Status | F1: First Round Interviewer | G1: Partner Interviewer | H1: Reference Check Status | I1: Offer Outcome
A2: Paralegal | B2: Referral | C2: LinkedIn Active | D2: Yes | E2: Not Scheduled | F2: Amanda | G2: Marc Reich | H2: Not Started | I2: Accepted
A3: Legal Assistant | B3: LinkedIn (Active) | C3: LinkedIn Passive | D3: No | E3: Scheduled | F3: Tyler | G3: Ed Korsinsky | H3: In Progress | I3: Declined
A4: Attorney – Mass Arbitration | B4: LinkedIn (Passive) | C4: Referral | E4: Completed | F4: Melissa | H4: Completed | I4: Pending
A5: Attorney – Data Breach | B5: Job Posting / Applicant | C5: Email | E5: Passed | F5: Michael
A6: Attorney – Privacy | B6: Internal | C6: Other | E6: Rejected | F6: Trent
A7: Partner-Level Associate Attorney | B7: University / School | E7: On Hold | F7: Eleanor
B8: Other | E8: Cancelled | F8: Chris
F9: Gary
F10: Bhagavat
A12: Reference lists that drive the dropdowns on the Tracker tab. Edit values here to change the available options.
